pillar,column,label,n,r2_baseline,lift_length,r2_alone_length,lift_extracted_min,r2_alone_extracted_min,lift_extracted_mid,r2_alone_extracted_mid,lift_extracted_full,r2_alone_extracted_full,lift_pca50,r2_alone_pca50,lift_full,r2_alone_full,best_embedding_lift,embedding_beats_length,best_extracted_lift,extracted_beats_length
F,distress_count,demographic distress count,3144,0.19556091137122356,0.007687185213492209,-0.0007469716759052059,0.019848186213336505,0.04632328038124012,0.018157469796260206,0.046207187044242204,0.0206672846765783,0.04833060898940056,0.009124873035247338,0.0765449988342084,0.011585895035999827,0.10819689953792455,0.011585895035999827,True,0.0206672846765783,True
B,lq_emp_72,Accommodation & Food Services LQ,2369,0.11667339596540127,-9.713018319756905e-06,0.003998742172527603,-0.00012431353631214836,0.01643312918853823,0.0002712027922627813,0.014539559864351181,0.018921886436279456,0.042670449393023446,0.004634437411019765,0.05243657832868076,0.005712719401576805,0.06893941027042161,0.005712719401576805,True,0.018921886436279456,True
B,lq_emp_51,Information LQ,1914,0.036082029754830325,-0.004741745502443773,0.01434747540694259,0.00980752866726331,0.02573087993180745,0.004920048234334895,0.024908568919311036,0.0038307231368852612,0.010239827540393764,0.005782910738250324,0.04657536694870168,0.01188167376964222,0.06550835821210932,0.01188167376964222,True,0.00980752866726331,True
B,lq_emp_52,Finance & Insurance LQ,2638,0.126107935791404,0.0015968165426791803,0.00157604389393029,0.006791429663821291,0.018181312624852897,0.006346490435416241,0.017108360715280102,0.0069915120350624305,0.025064893724020876,0.0010939607332702828,0.05993696587798347,0.0035071600808233017,0.07980203431987654,0.0035071600808233017,True,0.0069915120350624305,True
D,out_partner_hhi,outbound partner concentration,3144,0.3881731375992157,0.0020437992193772514,0.05007132452832852,0.0018642561463276808,0.07867465604666846,0.006449569644482844,0.08290277110346422,0.004060242623033505,0.08878394755889729,0.0005076363913681936,0.1500788839877314,0.002799707895988379,0.2105961348170089,0.002799707895988379,True,0.006449569644482844,True
C,unemployment_rate_latest,unemployment rate (level),3143,0.5035103533050711,0.0009333995809017726,0.007720081323731365,0.004448239182451852,0.018725753900898368,0.006002122103501151,0.023085023031648277,0.0038709257186585466,0.018041216266248328,0.0032752547829275613,0.11071879896040449,0.004524338695780283,0.18269963462398575,0.004524338695780283,True,0.006002122103501151,True
E,capital_to_wage_ratio,capital-to-wage ratio,3143,0.3561789652550792,0.0008810956985962903,0.003285899042905882,0.003487414346258766,0.0008837573698017298,0.00271874147399942,0.0007038578917297755,0.005792673355430766,0.02043418568969202,0.0005022103468942385,0.04708008109166395,0.002611639453282688,0.07328332886586042,0.002611639453282688,True,0.005792673355430766,True
B,lq_emp_54,"Professional, Scientific & Technical Services LQ",2268,0.33402310746178965,0.0063961948043437244,0.10927754894353603,0.005759190934231495,0.14846884975749142,0.0033965626883769584,0.1461281582829641,0.0013604179029833574,0.14760471435416533,0.0031136050593754128,0.16464204328281962,0.008053276727739589,0.20616743484542077,0.008053276727739589,True,0.005759190934231495,False
B,lq_emp_31-33,Manufacturing LQ,2570,0.21743094083241465,0.002611565351604006,0.022029671462857836,0.0024568341748427702,0.01905348309988608,0.005317941393283454,0.02144193793065563,0.0007619915582847137,0.020823286051907197,0.0009985088308399614,0.09434588770057606,0.0019381399209005279,0.11774718519876637,0.0019381399209005279,False,0.005317941393283454,True
B,lq_emp_11,"Agriculture, Forestry, Fishing & Hunting LQ",1457,0.33387077229867423,0.001972978294830008,0.014455520216413165,0.003783717888366067,0.0809947376051291,0.0015528760316395607,0.08144942235258701,0.0019268154345557509,0.11033050791033583,0.006796867543721552,0.12362534376705736,0.0018281091469706245,0.15060731669647054,0.006796867543721552,True,0.003783717888366067,True
B,lq_emp_48-49,Transportation & Warehousing LQ,2160,0.04197780331897505,0.0011609693896224016,-0.001586085218825417,0.000477694623373659,0.006422801991438409,0.0028366735498507323,0.005788631104353681,0.0015166832712383282,0.007924282302036234,0.00030247224795942884,0.010281287644068438,0.0007767243222660536,0.009396133343778978,0.0007767243222660536,False,0.0028366735498507323,True
B,lq_emp_99,Unclassified LQ,1075,0.46171445239295106,0.002942822385260113,-0.0016066816304720621,0.0025165659036023857,-0.0015426094859261053,0.0014811405669951094,-0.0015110403934190941,0.00035287007635209644,-0.0015743684530031832,0.002767978071142485,0.16999788712861097,0.006556608939188857,0.19932771580851782,0.006556608939188857,True,0.0025165659036023857,False
B,lq_emp_61,Educational Services LQ,1587,0.12029169491722191,0.0003846246574011891,0.031788632059342015,0.0007296515948267412,0.026636994497829414,0.0017602498803827027,0.030349978221337115,2.4111457411657433e-05,0.045621995345662136,-0.00022864937638145122,0.070975479614238,0.0007623680978515734,0.08631440679861713,0.0007623680978515734,True,0.0017602498803827027,True
B,lq_emp_42,Wholesale Trade LQ,2346,0.21181555199986846,-2.3640937685254215e-07,0.0056320424842019046,-0.0005264281567134432,0.03164370473935929,-3.815135457019281e-05,0.029439264875940507,0.0013707939779998846,0.036120345766314066,-0.00016974255657908888,0.08192198800329165,0.0015036599238542614,0.10753747747499354,0.0015036599238542614,True,0.0013707939779998846,True
B,lq_emp_55,Management of Companies & Enterprises LQ,1296,0.20060044569902713,9.93038207219854e-09,0.030958888446684596,0.00037783252262579836,0.03897280509594292,-1.807996701752579e-05,0.03372971214712217,0.0010957485773014364,0.02952252231374386,0.0006412934324760977,0.0814151084901934,0.0007636784767699467,0.09403047891393235,0.0007636784767699467,True,0.0010957485773014364,True
B,lq_emp_53,Real Estate & Rental & Leasing LQ,2453,0.26192747646971837,0.0012152257282573853,0.04443722979722087,0.0006480188998692071,0.0625748848717077,0.000878180377515636,0.06169462564799311,0.0004361013097808897,0.06146714910790696,0.003346057364563615,0.10446059248802386,0.0039399792900458586,0.11714295932436447,0.0039399792900458586,True,0.000878180377515636,False
B,lq_emp_23,Construction LQ,2469,0.09106696842072892,4.396055882860406e-05,-0.0011796270123887176,0.0008515505649658861,0.0029603730605467504,0.0008578361336886164,0.0026743039064535123,0.00027067217938725463,0.0006873748513699374,2.3690946254428802e-05,0.009026569387267647,0.0008020088310556339,0.01861744513984509,0.0008020088310556339,True,0.0008578361336886164,True
B,lq_emp_62,Health Care & Social Assistance LQ,1942,0.20052476414543208,0.0008738871139677418,0.020845933576038922,-0.001040787955774447,0.01760682329570773,0.0008109129835519591,0.016666837799907852,1.2152202799042833e-05,0.02667335262069037,-0.0006025897160928384,0.050862479956823026,-0.0004307683645714544,0.0267788441382929,-0.0004307683645714544,False,0.0008109129835519591,False
C,gdp_velocity_pct,GDP velocity (normalized),3080,0.1261805650017448,0.0011100038076787833,-0.0010920728676244718,0.0006785306805748847,0.0029586878955149,2.916620067694442e-05,0.0034721561748679575,0.0005722166301862508,0.002265034264292032,-0.0016402347252053584,0.005510158872333637,0.0008005588857464829,0.007031765821870373,0.0008005588857464829,False,0.0006785306805748847,False
B,lq_emp_71,"Arts, Entertainment & Recreation LQ",2243,0.15029878058969826,-5.557325884042452e-05,0.002903427500276279,0.00011399477693596616,0.0020551033376434713,0.00044085140301863834,0.0011961751557119094,0.00013626762401841575,0.004697594698760188,0.003097786121646684,0.01797817042462213,0.003012173416776953,0.021240731959534243,0.003097786121646684,True,0.00044085140301863834,True
B,lq_emp_44-45,Retail Trade LQ,3050,0.12060525637782438,0.001344244477794243,-0.0006706253131114615,-1.9763777442061148e-05,0.005771090731402917,0.00038108445059092944,0.006470912174472043,-0.0015918604493228017,0.00375689065427931,0.0016971072274579724,0.00995875072786001,-0.0008798467482448169,0.015268802190067099,0.0016971072274579724,True,0.00038108445059092944,False
D,log_total_tons,freight tonnage (log10),3144,0.8861067865403752,0.0004272824176173584,0.07246907020580973,-8.896709364880628e-06,0.26434617995533605,0.00013903577597196293,0.26353054282809063,0.00034590998355576996,0.2649235317324271,0.00012373668906728863,0.3140247436051866,0.0006322617451135493,0.5263972332824396,0.0006322617451135493,True,0.00034590998355576996,False
B,lq_emp_56,Administrative & Support & Waste Management LQ,2212,0.23161899772538486,-2.1037865664874644e-05,0.025853362671659386,0.00015227671706463664,0.06671995821628018,5.669216193204818e-05,0.06780902984407233,-0.00039550589117998136,0.05816501852393008,7.65311900208232e-05,0.10614517607938945,0.00046794469966604524,0.125293129386032,0.00046794469966604524,True,0.00015227671706463664,True
D,in_partner_hhi,inbound partner concentration,3144,0.3654943764173364,-8.980009415915369e-05,0.03818516053045906,1.808331104202754e-05,0.06312585031073004,0.00013801385553369183,0.06523518803306227,1.5187622417922597e-05,0.06742274908566159,0.00037080236365527597,0.09705222890923348,0.0006295231430462067,0.16347700954807276,0.0006295231430462067,True,0.00013801385553369183,True
C,unemployment_velocity,unemployment velocity,3143,0.5457404580284728,-0.0002917312222193713,0.0013726936215424645,-0.0005866374992860024,0.0008530559908611623,-0.00013989169452499617,0.0012313282771376777,1.3500589733150825e-05,-3.0465417409697437e-05,0.00019916828736277203,0.17271274792917024,0.0007105040998667267,0.1681202464310867,0.0007105040998667267,True,1.3500589733150825e-05,True
B,lq_emp_81,Other Services (except Public Administration) LQ,2579,0.1932091969711729,5.9467153606940215e-05,0.02787002787523729,7.101341199300393e-06,0.033897373910323325,7.529425929408973e-06,0.03256643852353258,6.702590292340105e-06,0.03891112317975909,1.7841024160136776e-05,0.07099689456214642,0.00014153286458429282,0.08658105436235652,0.00014153286458429282,True,7.529425929408973e-06,False
B,lq_emp_22,Utilities LQ,1415,0.052219069169806676,-0.0006987720442397372,0.004486132727003156,3.915878899474201e-06,0.02778598268314414,5.879350687965079e-06,0.02780802262451576,-0.00042417030111130405,0.012142364011724194,0.0026184125147790116,0.01202640751177364,0.0024347563478118728,0.0130257370893051,0.0026184125147790116,True,5.879350687965079e-06,True
B,lq_emp_21,"Mining, Quarrying, Oil & Gas LQ",1026,0.4152462403313837,-0.00034875729863248495,0.011188279666161205,-4.978271260180911e-05,0.03638850825861528,-0.00010435558915744547,0.036815594783774386,-3.222723881646239e-06,0.03771513561847528,-0.000472087587024439,0.06933646225823764,-0.0006931927108175806,0.092859785255475,-0.000472087587024439,False,-3.222723881646239e-06,True
