pillar,column,variant,tier,n,r2_baseline,lift
B,lq_emp_11,length,thin,579,0.27261235122856287,0.0016218806888762538
B,lq_emp_11,length,mid,363,0.3854091597229886,-0.0004861638741631147
B,lq_emp_11,length,rich,402,0.25574763305916515,0.010188182316162253
B,lq_emp_11,extracted_min,thin,579,0.27261235122856287,0.005166169545404942
B,lq_emp_11,extracted_min,mid,363,0.3854091597229886,-0.001972456149321511
B,lq_emp_11,extracted_min,rich,402,0.25574763305916515,0.025011854513269705
B,lq_emp_11,extracted_mid,thin,579,0.27261235122856287,0.0036594487354447702
B,lq_emp_11,extracted_mid,mid,363,0.3854091597229886,-0.003156021364820738
B,lq_emp_11,extracted_mid,rich,402,0.25574763305916515,0.015525937237386378
B,lq_emp_11,extracted_full,thin,579,0.27261235122856287,0.0007400538742546869
B,lq_emp_11,extracted_full,mid,363,0.3854091597229886,-0.002506881790023896
B,lq_emp_11,extracted_full,rich,402,0.25574763305916515,0.017876670062715094
B,lq_emp_11,pca50,thin,579,0.27261235122856287,0.013802149769237215
B,lq_emp_11,pca50,mid,363,0.3854091597229886,0.004494364319488908
B,lq_emp_11,pca50,rich,402,0.25574763305916515,-0.0054018374489716026
B,lq_emp_11,full,thin,579,0.27261235122856287,0.005728553343674947
B,lq_emp_11,full,mid,363,0.3854091597229886,-0.0008277621958887593
B,lq_emp_11,full,rich,402,0.25574763305916515,-0.0035576370899578214
B,lq_emp_21,length,thin,386,0.44681809118068827,0.00018953767432761115
B,lq_emp_21,length,mid,264,0.36633288188915714,-9.165835417968005e-05
B,lq_emp_21,length,rich,330,0.2725660152773328,-0.0023948447032867692
B,lq_emp_21,extracted_min,thin,386,0.44681809118068827,-2.1594468401664457e-05
B,lq_emp_21,extracted_min,mid,264,0.36633288188915714,3.9938300665731674e-05
B,lq_emp_21,extracted_min,rich,330,0.2725660152773328,-0.0002597045173319268
B,lq_emp_21,extracted_mid,thin,386,0.44681809118068827,-9.414140780350522e-05
B,lq_emp_21,extracted_mid,mid,264,0.36633288188915714,-1.7449740711161787e-05
B,lq_emp_21,extracted_mid,rich,330,0.2725660152773328,-0.00028321346350623777
B,lq_emp_21,extracted_full,thin,386,0.44681809118068827,-2.381566258424783e-06
B,lq_emp_21,extracted_full,mid,264,0.36633288188915714,3.435123044015498e-06
B,lq_emp_21,extracted_full,rich,330,0.2725660152773328,-1.457391528036922e-05
B,lq_emp_21,pca50,thin,386,0.44681809118068827,-0.00018984211869388368
B,lq_emp_21,pca50,mid,264,0.36633288188915714,-0.00044853637545783087
B,lq_emp_21,pca50,rich,330,0.2725660152773328,-0.0008442802850097131
B,lq_emp_21,full,thin,386,0.44681809118068827,-0.0004726598572006857
B,lq_emp_21,full,mid,264,0.36633288188915714,-0.0015252788495010439
B,lq_emp_21,full,rich,330,0.2725660152773328,-0.00018515280163444725
B,lq_emp_22,length,thin,517,0.08748205327798919,-0.001143619511471794
B,lq_emp_22,length,mid,384,0.07003030948623512,0.0003617846518164658
B,lq_emp_22,length,rich,434,0.01237418630148579,-0.0006640516751382775
B,lq_emp_22,extracted_min,thin,517,0.08748205327798919,3.40086130035111e-07
B,lq_emp_22,extracted_min,mid,384,0.07003030948623512,1.5355169571296123e-05
B,lq_emp_22,extracted_min,rich,434,0.01237418630148579,4.853191225340225e-06
B,lq_emp_22,extracted_mid,thin,517,0.08748205327798919,-2.5896353306187336e-06
B,lq_emp_22,extracted_mid,mid,384,0.07003030948623512,2.3926629591164428e-05
B,lq_emp_22,extracted_mid,rich,434,0.01237418630148579,9.711315826166356e-06
B,lq_emp_22,extracted_full,thin,517,0.08748205327798919,5.1058476351228954e-05
B,lq_emp_22,extracted_full,mid,384,0.07003030948623512,0.00027425694306515425
B,lq_emp_22,extracted_full,rich,434,0.01237418630148579,-0.000962872438079243
B,lq_emp_22,pca50,thin,517,0.08748205327798919,0.002257716072854077
B,lq_emp_22,pca50,mid,384,0.07003030948623512,0.0016521885760408805
B,lq_emp_22,pca50,rich,434,0.01237418630148579,0.001442316259245513
B,lq_emp_22,full,thin,517,0.08748205327798919,0.0026913358685272115
B,lq_emp_22,full,mid,384,0.07003030948623512,0.001755058071484683
B,lq_emp_22,full,rich,434,0.01237418630148579,0.0007365322826334841
B,lq_emp_23,length,stub,239,0.0033730719866398307,-0.00043869824270692526
B,lq_emp_23,length,thin,1011,0.09755223998904394,8.634604613488861e-05
B,lq_emp_23,length,mid,602,0.13056688927292814,-6.979900741055367e-06
B,lq_emp_23,length,rich,617,0.056993598936404655,0.00017491844665795675
B,lq_emp_23,extracted_min,stub,239,0.0033730719866398307,0.0004901636555024735
B,lq_emp_23,extracted_min,thin,1011,0.09755223998904394,0.0013548322714226346
B,lq_emp_23,extracted_min,mid,602,0.13056688927292814,0.004604955807023248
B,lq_emp_23,extracted_min,rich,617,0.056993598936404655,-0.00457267626410407
B,lq_emp_23,extracted_mid,stub,239,0.0033730719866398307,-0.0013218566412278587
B,lq_emp_23,extracted_mid,thin,1011,0.09755223998904394,0.00034003642321134286
B,lq_emp_23,extracted_mid,mid,602,0.13056688927292814,0.003966318687430581
B,lq_emp_23,extracted_mid,rich,617,0.056993598936404655,-0.00021219048452625344
B,lq_emp_23,extracted_full,stub,239,0.0033730719866398307,-0.0003761301751631363
B,lq_emp_23,extracted_full,thin,1011,0.09755223998904394,0.00017479249445695455
B,lq_emp_23,extracted_full,mid,602,0.13056688927292814,0.0018277191440158047
B,lq_emp_23,extracted_full,rich,617,0.056993598936404655,-0.0009119278650155938
B,lq_emp_23,pca50,stub,239,0.0033730719866398307,0.000587727041121866
B,lq_emp_23,pca50,thin,1011,0.09755223998904394,-0.0001938748832736037
B,lq_emp_23,pca50,mid,602,0.13056688927292814,0.0008793772976506409
B,lq_emp_23,pca50,rich,617,0.056993598936404655,-0.0005293495756212296
B,lq_emp_23,full,stub,239,0.0033730719866398307,-0.0007060973112240632
B,lq_emp_23,full,thin,1011,0.09755223998904394,0.0009717238353520452
B,lq_emp_23,full,mid,602,0.13056688927292814,0.00012878270934457703
B,lq_emp_23,full,rich,617,0.056993598936404655,0.0016780751895176804
B,lq_emp_31-33,length,stub,239,0.1956872624053243,0.009370402950948042
B,lq_emp_31-33,length,thin,1048,0.1863069861532538,9.296321064222735e-05
B,lq_emp_31-33,length,mid,639,0.18083401468049065,-0.0007301042566503213
B,lq_emp_31-33,length,rich,644,0.23344720212049963,0.007943669867624736
B,lq_emp_31-33,extracted_min,stub,239,0.1956872624053243,0.004952763685351469
B,lq_emp_31-33,extracted_min,thin,1048,0.1863069861532538,0.001771664366170822
B,lq_emp_31-33,extracted_min,mid,639,0.18083401468049065,-0.0005279857195711335
B,lq_emp_31-33,extracted_min,rich,644,0.23344720212049963,0.00574943728693833
B,lq_emp_31-33,extracted_mid,stub,239,0.1956872624053243,0.005844260481344232
B,lq_emp_31-33,extracted_mid,thin,1048,0.1863069861532538,0.005125221582345518
B,lq_emp_31-33,extracted_mid,mid,639,0.18083401468049065,0.0036154979184905844
B,lq_emp_31-33,extracted_mid,rich,644,0.23344720212049963,0.007676140274525567
B,lq_emp_31-33,extracted_full,stub,239,0.1956872624053243,0.0036244782746477355
B,lq_emp_31-33,extracted_full,thin,1048,0.1863069861532538,0.0004848024550485608
B,lq_emp_31-33,extracted_full,mid,639,0.18083401468049065,0.0007899455105271347
B,lq_emp_31-33,extracted_full,rich,644,0.23344720212049963,3.526587832092254e-05
B,lq_emp_31-33,pca50,stub,239,0.1956872624053243,0.004200115254228032
B,lq_emp_31-33,pca50,thin,1048,0.1863069861532538,0.0007153431584566716
B,lq_emp_31-33,pca50,mid,639,0.18083401468049065,0.00028645700934548657
B,lq_emp_31-33,pca50,rich,644,0.23344720212049963,0.0008461355938362836
B,lq_emp_31-33,full,stub,239,0.1956872624053243,0.004994173905885857
B,lq_emp_31-33,full,thin,1048,0.1863069861532538,0.0008146881629920166
B,lq_emp_31-33,full,mid,639,0.18083401468049065,0.0017977268749546083
B,lq_emp_31-33,full,rich,644,0.23344720212049963,0.003120404442839786
B,lq_emp_42,length,stub,208,0.2403826185925425,-4.925030681057763e-07
B,lq_emp_42,length,thin,961,0.21814593781511604,-8.693394382142117e-08
B,lq_emp_42,length,mid,589,0.2489445072827543,5.0464827539009605e-08
B,lq_emp_42,length,rich,588,-0.04592507987049177,-1.3085535432999507e-06
B,lq_emp_42,extracted_min,stub,208,0.2403826185925425,-0.00034950386891396956
B,lq_emp_42,extracted_min,thin,961,0.21814593781511604,-0.00013928795345785616
B,lq_emp_42,extracted_min,mid,589,0.2489445072827543,0.0009149005051274361
B,lq_emp_42,extracted_min,rich,588,-0.04592507987049177,-0.0053677919414718556
B,lq_emp_42,extracted_mid,stub,208,0.2403826185925425,0.0002683416017245088
B,lq_emp_42,extracted_mid,thin,961,0.21814593781511604,0.00033454020748047153
B,lq_emp_42,extracted_mid,mid,589,0.2489445072827543,-0.0010638679549347385
B,lq_emp_42,extracted_mid,rich,588,-0.04592507987049177,-0.0002398561388723408
B,lq_emp_42,extracted_full,stub,208,0.2403826185925425,0.001037813267892762
B,lq_emp_42,extracted_full,thin,961,0.21814593781511604,0.0014565872801572954
B,lq_emp_42,extracted_full,mid,589,0.2489445072827543,0.003263160743017801
B,lq_emp_42,extracted_full,rich,588,-0.04592507987049177,-0.0020490979553982047
B,lq_emp_42,pca50,stub,208,0.2403826185925425,0.0010172398313810227
B,lq_emp_42,pca50,thin,961,0.21814593781511604,0.00027880326735463257
B,lq_emp_42,pca50,mid,589,0.2489445072827543,-0.0011232697771390576
B,lq_emp_42,pca50,rich,588,-0.04592507987049177,-0.0017120784087358842
B,lq_emp_42,full,stub,208,0.2403826185925425,0.0038347684542678895
B,lq_emp_42,full,thin,961,0.21814593781511604,0.0021486250136575347
B,lq_emp_42,full,mid,589,0.2489445072827543,-0.0014158891839689547
B,lq_emp_42,full,rich,588,-0.04592507987049177,0.0018924609376942403
B,lq_emp_44-45,length,stub,289,0.05864289073137685,-0.00743665860022602
B,lq_emp_44-45,length,thin,1250,0.14750051156821986,0.0011061933728285789
B,lq_emp_44-45,length,mid,755,0.10823367446747822,9.628146645646041e-05
B,lq_emp_44-45,length,rich,756,0.08946834984190843,0.007051316342550185
B,lq_emp_44-45,extracted_min,stub,289,0.05864289073137685,-0.0032851377081384303
B,lq_emp_44-45,extracted_min,thin,1250,0.14750051156821986,0.0005756965687681026
B,lq_emp_44-45,extracted_min,mid,755,0.10823367446747822,-0.00023218683549275365
B,lq_emp_44-45,extracted_min,rich,756,0.08946834984190843,0.000535952647067961
B,lq_emp_44-45,extracted_mid,stub,289,0.05864289073137685,-0.004247805377767699
B,lq_emp_44-45,extracted_mid,thin,1250,0.14750051156821986,0.0016044172391982414
B,lq_emp_44-45,extracted_mid,mid,755,0.10823367446747822,0.0002548235577846114
B,lq_emp_44-45,extracted_mid,rich,756,0.08946834984190843,0.0002774665222884387
B,lq_emp_44-45,extracted_full,stub,289,0.05864289073137685,-0.0035901461366716347
B,lq_emp_44-45,extracted_full,thin,1250,0.14750051156821986,-0.000756396942995563
B,lq_emp_44-45,extracted_full,mid,755,0.10823367446747822,-0.0029963001319702753
B,lq_emp_44-45,extracted_full,rich,756,0.08946834984190843,-0.0006977921668750442
B,lq_emp_44-45,pca50,stub,289,0.05864289073137685,0.004229014827837552
B,lq_emp_44-45,pca50,thin,1250,0.14750051156821986,-0.0002611546867267167
B,lq_emp_44-45,pca50,mid,755,0.10823367446747822,-0.0011353876116360073
B,lq_emp_44-45,pca50,rich,756,0.08946834984190843,0.007519976376579085
B,lq_emp_44-45,full,stub,289,0.05864289073137685,-0.003838544251620668
B,lq_emp_44-45,full,thin,1250,0.14750051156821986,-0.006860419435783749
B,lq_emp_44-45,full,mid,755,0.10823367446747822,-0.008798962906074181
B,lq_emp_44-45,full,rich,756,0.08946834984190843,0.020532519690322437
B,lq_emp_48-49,length,stub,167,-0.01747187629717062,-0.0014351363980620313
B,lq_emp_48-49,length,thin,844,0.04741562992559456,0.0008113140508908545
B,lq_emp_48-49,length,mid,555,0.06506391120025135,-0.00031944714831844134
B,lq_emp_48-49,length,rich,594,0.029394102122574317,0.0035566974932655926
B,lq_emp_48-49,extracted_min,stub,167,-0.01747187629717062,-0.005476500885426061
B,lq_emp_48-49,extracted_min,thin,844,0.04741562992559456,0.005006804292779554
B,lq_emp_48-49,extracted_min,mid,555,0.06506391120025135,-0.002175182115202512
B,lq_emp_48-49,extracted_min,rich,594,0.029394102122574317,-0.0015558968097294512
B,lq_emp_48-49,extracted_mid,stub,167,-0.01747187629717062,-0.0038534093366944244
B,lq_emp_48-49,extracted_mid,thin,844,0.04741562992559456,0.007058113858474435
B,lq_emp_48-49,extracted_mid,mid,555,0.06506391120025135,-0.005564116492704718
B,lq_emp_48-49,extracted_mid,rich,594,0.029394102122574317,0.005667707180341375
B,lq_emp_48-49,extracted_full,stub,167,-0.01747187629717062,-0.00740111628393092
B,lq_emp_48-49,extracted_full,thin,844,0.04741562992559456,0.007397213515144885
B,lq_emp_48-49,extracted_full,mid,555,0.06506391120025135,-0.002154081359469373
B,lq_emp_48-49,extracted_full,rich,594,0.029394102122574317,-0.0005636810531903791
B,lq_emp_48-49,pca50,stub,167,-0.01747187629717062,0.0019294654330406225
B,lq_emp_48-49,pca50,thin,844,0.04741562992559456,0.0012764473220611139
B,lq_emp_48-49,pca50,mid,555,0.06506391120025135,-0.00011404796226421876
B,lq_emp_48-49,pca50,rich,594,0.029394102122574317,-0.001193898731066012
B,lq_emp_48-49,full,stub,167,-0.01747187629717062,0.003013472517128468
B,lq_emp_48-49,full,thin,844,0.04741562992559456,0.002041500382913619
B,lq_emp_48-49,full,mid,555,0.06506391120025135,-0.00010120445985761783
B,lq_emp_48-49,full,rich,594,0.029394102122574317,-0.0009572010214331517
B,lq_emp_51,length,stub,165,-0.14794336400513974,0.0062799111316371725
B,lq_emp_51,length,thin,759,-0.06524934422260209,-0.0019445960114703453
B,lq_emp_51,length,mid,481,-0.07842619869859146,0.0003352655417867556
B,lq_emp_51,length,rich,509,0.17770915913521623,-0.011931454729049107
B,lq_emp_51,extracted_min,stub,165,-0.14794336400513974,-0.026331403943388842
B,lq_emp_51,extracted_min,thin,759,-0.06524934422260209,0.014511894152988258
B,lq_emp_51,extracted_min,mid,481,-0.07842619869859146,0.011734129132263016
B,lq_emp_51,extracted_min,rich,509,0.17770915913521623,0.00825419102777225
B,lq_emp_51,extracted_mid,stub,165,-0.14794336400513974,-0.023225690667615817
B,lq_emp_51,extracted_mid,thin,759,-0.06524934422260209,0.01677306853835958
B,lq_emp_51,extracted_mid,mid,481,-0.07842619869859146,0.0045506927979914735
B,lq_emp_51,extracted_mid,rich,509,0.17770915913521623,-0.00039645394437504144
B,lq_emp_51,extracted_full,stub,165,-0.14794336400513974,-0.007342198087538554
B,lq_emp_51,extracted_full,thin,759,-0.06524934422260209,0.012359930902696936
B,lq_emp_51,extracted_full,mid,481,-0.07842619869859146,0.0008466164737703785
B,lq_emp_51,extracted_full,rich,509,0.17770915913521623,0.0015617927718201141
B,lq_emp_51,pca50,stub,165,-0.14794336400513974,-0.017026669797770122
B,lq_emp_51,pca50,thin,759,-0.06524934422260209,0.013149399929753613
B,lq_emp_51,pca50,mid,481,-0.07842619869859146,0.005503132848184933
B,lq_emp_51,pca50,rich,509,0.17770915913521623,0.0030479566305859906
B,lq_emp_51,full,stub,165,-0.14794336400513974,-0.010902337111317717
B,lq_emp_51,full,thin,759,-0.06524934422260209,0.012251401825157826
B,lq_emp_51,full,mid,481,-0.07842619869859146,0.011155633489281724
B,lq_emp_51,full,rich,509,0.17770915913521623,0.01450321321296133
B,lq_emp_52,length,stub,221,0.08447060220600011,-2.9634265619415956e-05
B,lq_emp_52,length,thin,1063,0.09838388544523669,0.0003235340638712003
B,lq_emp_52,length,mid,662,0.038936883903307073,0.0013115389934538202
B,lq_emp_52,length,rich,692,0.17731077114497507,0.0030006552524010077
B,lq_emp_52,extracted_min,stub,221,0.08447060220600011,-0.019633149538248018
B,lq_emp_52,extracted_min,thin,1063,0.09838388544523669,0.010833698436164552
B,lq_emp_52,extracted_min,mid,662,0.038936883903307073,0.006143448097388093
B,lq_emp_52,extracted_min,rich,692,0.17731077114497507,0.006970716046135861
B,lq_emp_52,extracted_mid,stub,221,0.08447060220600011,-0.0216040293291071
B,lq_emp_52,extracted_mid,thin,1063,0.09838388544523669,0.0110108495632123
B,lq_emp_52,extracted_mid,mid,662,0.038936883903307073,0.005406907537043315
B,lq_emp_52,extracted_mid,rich,692,0.17731077114497507,0.006297170681136888
B,lq_emp_52,extracted_full,stub,221,0.08447060220600011,-0.006909329614547155
B,lq_emp_52,extracted_full,thin,1063,0.09838388544523669,0.011181732991474402
B,lq_emp_52,extracted_full,mid,662,0.038936883903307073,0.007904832672878448
B,lq_emp_52,extracted_full,rich,692,0.17731077114497507,0.0049025554624880785
B,lq_emp_52,pca50,stub,221,0.08447060220600011,-0.013298753893638326
B,lq_emp_52,pca50,thin,1063,0.09838388544523669,0.0032037057745536446
B,lq_emp_52,pca50,mid,662,0.038936883903307073,-0.0137329674630019
B,lq_emp_52,pca50,rich,692,0.17731077114497507,0.00688170980267544
B,lq_emp_52,full,stub,221,0.08447060220600011,-0.008577300948853006
B,lq_emp_52,full,thin,1063,0.09838388544523669,0.005241060022690869
B,lq_emp_52,full,mid,662,0.038936883903307073,-0.009054779934616786
B,lq_emp_52,full,rich,692,0.17731077114497507,0.008475666827899575
B,lq_emp_53,length,stub,199,-0.02842423936696603,0.019800838403645438
B,lq_emp_53,length,thin,978,0.21285586800508682,-0.0009904140841328068
B,lq_emp_53,length,mid,620,0.24758246201847411,0.00046209121060258873
B,lq_emp_53,length,rich,656,0.27050333585558295,0.003128791250647911
B,lq_emp_53,extracted_min,stub,199,-0.02842423936696603,0.006081195817269736
B,lq_emp_53,extracted_min,thin,978,0.21285586800508682,-0.0003126427254636077
B,lq_emp_53,extracted_min,mid,620,0.24758246201847411,-8.69619196200988e-05
B,lq_emp_53,extracted_min,rich,656,0.27050333585558295,0.0023199112689795687
B,lq_emp_53,extracted_mid,stub,199,-0.02842423936696603,0.0063039203860766335
B,lq_emp_53,extracted_mid,thin,978,0.21285586800508682,0.0007890658288595143
B,lq_emp_53,extracted_mid,mid,620,0.24758246201847411,-0.0003390790175218372
B,lq_emp_53,extracted_mid,rich,656,0.27050333585558295,0.0015396018282035628
B,lq_emp_53,extracted_full,stub,199,-0.02842423936696603,0.0060916597984554954
B,lq_emp_53,extracted_full,thin,978,0.21285586800508682,0.0005487081537466354
B,lq_emp_53,extracted_full,mid,620,0.24758246201847411,-0.00829816750360024
B,lq_emp_53,extracted_full,rich,656,0.27050333585558295,0.00799467872484505
B,lq_emp_53,pca50,stub,199,-0.02842423936696603,0.0033951532117793004
B,lq_emp_53,pca50,thin,978,0.21285586800508682,0.0019275818530655187
B,lq_emp_53,pca50,mid,620,0.24758246201847411,0.004237599441038742
B,lq_emp_53,pca50,rich,656,0.27050333585558295,0.005570991349850285
B,lq_emp_53,full,stub,199,-0.02842423936696603,0.007098785148331288
B,lq_emp_53,full,thin,978,0.21285586800508682,0.00248914028744629
B,lq_emp_53,full,mid,620,0.24758246201847411,0.0037312764798705933
B,lq_emp_53,full,rich,656,0.27050333585558295,0.006922675142931656
B,lq_emp_54,length,stub,188,0.007974375102670406,-0.009685991986071008
B,lq_emp_54,length,thin,906,0.13319756255828508,0.0015107876665224618
B,lq_emp_54,length,mid,572,0.16074257998334485,0.0005929562953866929
B,lq_emp_54,length,rich,602,0.4506955598683339,0.015707107537963783
B,lq_emp_54,extracted_min,stub,188,0.007974375102670406,-0.016796217319702045
B,lq_emp_54,extracted_min,thin,906,0.13319756255828508,0.006417123466630037
B,lq_emp_54,extracted_min,mid,572,0.16074257998334485,0.0013585027257749793
B,lq_emp_54,extracted_min,rich,602,0.4506955598683339,0.013739724737604098
B,lq_emp_54,extracted_mid,stub,188,0.007974375102670406,-0.008575935274808044
B,lq_emp_54,extracted_mid,thin,906,0.13319756255828508,0.005028459094156612
B,lq_emp_54,extracted_mid,mid,572,0.16074257998334485,-0.0005366428585256156
B,lq_emp_54,extracted_mid,rich,602,0.4506955598683339,0.007733117227043951
B,lq_emp_54,extracted_full,stub,188,0.007974375102670406,-0.0067090948776886705
B,lq_emp_54,extracted_full,thin,906,0.13319756255828508,-0.0004841320736356236
B,lq_emp_54,extracted_full,mid,572,0.16074257998334485,-0.002913661726370642
B,lq_emp_54,extracted_full,rich,602,0.4506955598683339,0.005959626351619174
B,lq_emp_54,pca50,stub,188,0.007974375102670406,-0.0141930210336505
B,lq_emp_54,pca50,thin,906,0.13319756255828508,0.008599176136898645
B,lq_emp_54,pca50,mid,572,0.16074257998334485,-0.0026622853927814605
B,lq_emp_54,pca50,rich,602,0.4506955598683339,0.0077914831481988855
B,lq_emp_54,full,stub,188,0.007974375102670406,-0.014208359287369854
B,lq_emp_54,full,thin,906,0.13319756255828508,0.008281752106978457
B,lq_emp_54,full,mid,572,0.16074257998334485,0.007975907785026548
B,lq_emp_54,full,rich,602,0.4506955598683339,0.014951900074899882
B,lq_emp_55,length,thin,423,0.10054032952645653,-6.76432203583488e-07
B,lq_emp_55,length,mid,347,0.1487646429950722,7.30073513866003e-08
B,lq_emp_55,length,rich,463,0.23252696540209816,3.52645555867781e-07
B,lq_emp_55,extracted_min,thin,423,0.10054032952645653,0.0015539642896923445
B,lq_emp_55,extracted_min,mid,347,0.1487646429950722,0.0007289923004568655
B,lq_emp_55,extracted_min,rich,463,0.23252696540209816,0.0004578498820649868
B,lq_emp_55,extracted_mid,thin,423,0.10054032952645653,-0.00030365100823792623
B,lq_emp_55,extracted_mid,mid,347,0.1487646429950722,0.0012027234910731988
B,lq_emp_55,extracted_mid,rich,463,0.23252696540209816,7.331565809998164e-05
B,lq_emp_55,extracted_full,thin,423,0.10054032952645653,-0.00048709367234878176
B,lq_emp_55,extracted_full,mid,347,0.1487646429950722,0.0016902516648019672
B,lq_emp_55,extracted_full,rich,463,0.23252696540209816,0.002113076239151135
B,lq_emp_55,pca50,thin,423,0.10054032952645653,0.00024178273500685687
B,lq_emp_55,pca50,mid,347,0.1487646429950722,0.0014917628985430254
B,lq_emp_55,pca50,rich,463,0.23252696540209816,0.0009419821991664135
B,lq_emp_55,full,thin,423,0.10054032952645653,0.0005349094935783727
B,lq_emp_55,full,mid,347,0.1487646429950722,0.0017724164126633468
B,lq_emp_55,full,rich,463,0.23252696540209816,0.0008716462212715603
B,lq_emp_56,length,stub,174,0.15584739607315234,0.0005059322841934888
B,lq_emp_56,length,thin,855,0.15187982804113087,-0.00027016737850893424
B,lq_emp_56,length,mid,552,0.1950398098979852,-8.027608415972498e-05
B,lq_emp_56,length,rich,631,0.34350237573880404,0.0002109093161463127
B,lq_emp_56,extracted_min,stub,174,0.15584739607315234,-0.00034491935638247817
B,lq_emp_56,extracted_min,thin,855,0.15187982804113087,-0.0001997501969415172
B,lq_emp_56,extracted_min,mid,552,0.1950398098979852,-0.000933052436785986
B,lq_emp_56,extracted_min,rich,631,0.34350237573880404,0.0018937350921720553
B,lq_emp_56,extracted_mid,stub,174,0.15584739607315234,0.001243837456271768
B,lq_emp_56,extracted_mid,thin,855,0.15187982804113087,-0.0010646847329992548
B,lq_emp_56,extracted_mid,mid,552,0.1950398098979852,0.0005830033810748647
B,lq_emp_56,extracted_mid,rich,631,0.34350237573880404,0.0008722168304143851
B,lq_emp_56,extracted_full,stub,174,0.15584739607315234,0.000322364574888101
B,lq_emp_56,extracted_full,thin,855,0.15187982804113087,-0.00027454614037147884
B,lq_emp_56,extracted_full,mid,552,0.1950398098979852,-0.0002459486544467149
B,lq_emp_56,extracted_full,rich,631,0.34350237573880404,-0.0010439921413440967
B,lq_emp_56,pca50,stub,174,0.15584739607315234,0.00040583068987776194
B,lq_emp_56,pca50,thin,855,0.15187982804113087,8.40583094150471e-05
B,lq_emp_56,pca50,mid,552,0.1950398098979852,6.467669975396273e-05
B,lq_emp_56,pca50,rich,631,0.34350237573880404,-4.785202531010224e-05
B,lq_emp_56,full,stub,174,0.15584739607315234,0.001887466021204487
B,lq_emp_56,full,thin,855,0.15187982804113087,-5.058714139249965e-06
B,lq_emp_56,full,mid,552,0.1950398098979852,0.00040868224004753095
B,lq_emp_56,full,rich,631,0.34350237573880404,0.0007441521903740478
B,lq_emp_61,length,thin,559,0.03438289795266425,-0.0002651673711927538
B,lq_emp_61,length,mid,411,0.07497252701683166,-0.00021877886917065492
B,lq_emp_61,length,rich,524,0.1710904052248997,0.001839287928781741
B,lq_emp_61,extracted_min,thin,559,0.03438289795266425,-0.0007433317432151698
B,lq_emp_61,extracted_min,mid,411,0.07497252701683166,-0.0013892038679279572
B,lq_emp_61,extracted_min,rich,524,0.1710904052248997,0.0027245588352671213
B,lq_emp_61,extracted_mid,thin,559,0.03438289795266425,0.00019596575762870216
B,lq_emp_61,extracted_mid,mid,411,0.07497252701683166,-0.00282988023051578
B,lq_emp_61,extracted_mid,rich,524,0.1710904052248997,0.004935198467794111
B,lq_emp_61,extracted_full,thin,559,0.03438289795266425,0.0006608432595387459
B,lq_emp_61,extracted_full,mid,411,0.07497252701683166,-0.0029966704491021234
B,lq_emp_61,extracted_full,rich,524,0.1710904052248997,-0.0023953775117455667
B,lq_emp_61,pca50,thin,559,0.03438289795266425,0.0007581675535536236
B,lq_emp_61,pca50,mid,411,0.07497252701683166,-0.004435808609989156
B,lq_emp_61,pca50,rich,524,0.1710904052248997,0.0009481982089819541
B,lq_emp_61,full,thin,559,0.03438289795266425,0.0012433458938447828
B,lq_emp_61,full,mid,411,0.07497252701683166,-0.004415077317141969
B,lq_emp_61,full,rich,524,0.1710904052248997,0.003453586129417152
B,lq_emp_62,length,thin,723,0.2228955465738004,0.0014973127305094591
B,lq_emp_62,length,mid,504,0.21296318310340479,-0.0007503990044419595
B,lq_emp_62,length,rich,566,0.19264690100436654,0.004735967477269676
B,lq_emp_62,extracted_min,thin,723,0.2228955465738004,-0.00108010512407819
B,lq_emp_62,extracted_min,mid,504,0.21296318310340479,-0.00023138699908453741
B,lq_emp_62,extracted_min,rich,566,0.19264690100436654,8.173697457869444e-06
B,lq_emp_62,extracted_mid,thin,723,0.2228955465738004,0.0023229617597244623
B,lq_emp_62,extracted_mid,mid,504,0.21296318310340479,-0.003246101816689606
B,lq_emp_62,extracted_mid,rich,566,0.19264690100436654,0.003444626289951791
B,lq_emp_62,extracted_full,thin,723,0.2228955465738004,5.442135044864127e-05
B,lq_emp_62,extracted_full,mid,504,0.21296318310340479,-0.00013938213488484674
B,lq_emp_62,extracted_full,rich,566,0.19264690100436654,0.00011487573318280653
B,lq_emp_62,pca50,thin,723,0.2228955465738004,-5.187345301482793e-05
B,lq_emp_62,pca50,mid,504,0.21296318310340479,-0.0010586436184392145
B,lq_emp_62,pca50,rich,566,0.19264690100436654,-0.00033899222165234555
B,lq_emp_62,full,thin,723,0.2228955465738004,-0.00041953577107756157
B,lq_emp_62,full,mid,504,0.21296318310340479,-0.0012752278942019801
B,lq_emp_62,full,rich,566,0.19264690100436654,0.0006991664084970983
B,lq_emp_71,length,stub,191,0.3176734065394914,0.0011983582359437195
B,lq_emp_71,length,thin,847,0.16926985143268602,0.0002741222905328078
B,lq_emp_71,length,mid,575,0.14734413589802076,0.00013378251055629065
B,lq_emp_71,length,rich,630,0.042598122256860216,-0.0013711806000382687
B,lq_emp_71,extracted_min,stub,191,0.3176734065394914,0.0009568996620038517
B,lq_emp_71,extracted_min,thin,847,0.16926985143268602,5.902703954430155e-05
B,lq_emp_71,extracted_min,mid,575,0.14734413589802076,-7.357779656624874e-05
B,lq_emp_71,extracted_min,rich,630,0.042598122256860216,0.00019382930572497958
B,lq_emp_71,extracted_mid,stub,191,0.3176734065394914,0.001451580029420807
B,lq_emp_71,extracted_mid,thin,847,0.16926985143268602,0.00014753765133213026
B,lq_emp_71,extracted_mid,mid,575,0.14734413589802076,-0.00011146680913554086
B,lq_emp_71,extracted_mid,rich,630,0.042598122256860216,0.0014262055655175354
B,lq_emp_71,extracted_full,stub,191,0.3176734065394914,0.0013211967059149066
B,lq_emp_71,extracted_full,thin,847,0.16926985143268602,0.0003327847162652997
B,lq_emp_71,extracted_full,mid,575,0.14734413589802076,-0.0015027400835784244
B,lq_emp_71,extracted_full,rich,630,0.042598122256860216,0.0015838835022787823
B,lq_emp_71,pca50,stub,191,0.3176734065394914,0.004219233582157145
B,lq_emp_71,pca50,thin,847,0.16926985143268602,0.0018824256671146067
B,lq_emp_71,pca50,mid,575,0.14734413589802076,0.00394657021857403
B,lq_emp_71,pca50,rich,630,0.042598122256860216,0.003985603801069382
B,lq_emp_71,full,stub,191,0.3176734065394914,0.0054091988667843705
B,lq_emp_71,full,thin,847,0.16926985143268602,0.0019591205260363065
B,lq_emp_71,full,mid,575,0.14734413589802076,0.003069650558242598
B,lq_emp_71,full,rich,630,0.042598122256860216,0.004229069943251229
B,lq_emp_72,length,stub,204,0.052014539923946335,0.0016269386675585862
B,lq_emp_72,length,thin,900,0.16310591969230093,7.275650741300765e-05
B,lq_emp_72,length,mid,610,0.13778669198066984,-3.0988403107001794e-05
B,lq_emp_72,length,rich,655,-0.012324231208407532,-0.0003957685995457094
B,lq_emp_72,extracted_min,stub,204,0.052014539923946335,0.009244688048963723
B,lq_emp_72,extracted_min,thin,900,0.16310591969230093,-0.00031785771339631896
B,lq_emp_72,extracted_min,mid,610,0.13778669198066984,-0.00014615832611364343
B,lq_emp_72,extracted_min,rich,655,-0.012324231208407532,-0.0015999083388513746
B,lq_emp_72,extracted_mid,stub,204,0.052014539923946335,0.0047318277383671115
B,lq_emp_72,extracted_mid,thin,900,0.16310591969230093,-2.1580681473731822e-05
B,lq_emp_72,extracted_mid,mid,610,0.13778669198066984,-0.0001928831872179959
B,lq_emp_72,extracted_mid,rich,655,-0.012324231208407532,0.0003371322040974789
B,lq_emp_72,extracted_full,stub,204,0.052014539923946335,0.008816829421810946
B,lq_emp_72,extracted_full,thin,900,0.16310591969230093,0.010471632770611361
B,lq_emp_72,extracted_full,mid,610,0.13778669198066984,0.015342666989909493
B,lq_emp_72,extracted_full,rich,655,-0.012324231208407532,0.03668871026355447
B,lq_emp_72,pca50,stub,204,0.052014539923946335,0.038879066553091035
B,lq_emp_72,pca50,thin,900,0.16310591969230093,-0.0008272903011297128
B,lq_emp_72,pca50,mid,610,0.13778669198066984,0.00288010974454056
B,lq_emp_72,pca50,rich,655,-0.012324231208407532,0.007444170955035023
B,lq_emp_72,full,stub,204,0.052014539923946335,0.02766088380366838
B,lq_emp_72,full,thin,900,0.16310591969230093,0.0006872198724420242
B,lq_emp_72,full,mid,610,0.13778669198066984,-0.001454575702880656
B,lq_emp_72,full,rich,655,-0.012324231208407532,0.01617805086131996
B,lq_emp_81,length,stub,235,0.07693247467472075,0.0001311237008430055
B,lq_emp_81,length,thin,1018,0.1887330914648616,-3.67736186094314e-05
B,lq_emp_81,length,mid,636,0.10200125422786122,1.3584562813084844e-05
B,lq_emp_81,length,rich,690,0.295022015367464,0.00024548971258897545
B,lq_emp_81,extracted_min,stub,235,0.07693247467472075,1.5445386559398422e-05
B,lq_emp_81,extracted_min,thin,1018,0.1887330914648616,3.6270038714647512e-06
B,lq_emp_81,extracted_min,mid,636,0.10200125422786122,-2.0035599108680913e-06
B,lq_emp_81,extracted_min,rich,690,0.295022015367464,1.9969078226544923e-05
B,lq_emp_81,extracted_mid,stub,235,0.07693247467472075,1.8993072317341486e-05
B,lq_emp_81,extracted_mid,thin,1018,0.1887330914648616,2.9097740165129338e-06
B,lq_emp_81,extracted_mid,mid,636,0.10200125422786122,-1.98368452508646e-06
B,lq_emp_81,extracted_mid,rich,690,0.295022015367464,2.1243908283508084e-05
B,lq_emp_81,extracted_full,stub,235,0.07693247467472075,1.722575640217272e-05
B,lq_emp_81,extracted_full,thin,1018,0.1887330914648616,8.168852378087621e-06
B,lq_emp_81,extracted_full,mid,636,0.10200125422786122,-8.176440850826694e-06
B,lq_emp_81,extracted_full,rich,690,0.295022015367464,1.67082882746028e-05
B,lq_emp_81,pca50,stub,235,0.07693247467472075,-0.0002578249289778567
B,lq_emp_81,pca50,thin,1018,0.1887330914648616,0.00020419504783242282
B,lq_emp_81,pca50,mid,636,0.10200125422786122,-0.00024295155288789338
B,lq_emp_81,pca50,rich,690,0.295022015367464,0.00014949551204235245
B,lq_emp_81,full,stub,235,0.07693247467472075,-0.0022182962505087334
B,lq_emp_81,full,thin,1018,0.1887330914648616,0.00016652522654203583
B,lq_emp_81,full,mid,636,0.10200125422786122,0.00024296673629053966
B,lq_emp_81,full,rich,690,0.295022015367464,0.0012222705749865836
B,lq_emp_99,length,thin,386,0.3668683519197651,0.0018183292402140783
B,lq_emp_99,length,mid,261,0.498527293312343,0.000777167114591859
B,lq_emp_99,length,rich,344,0.5725335177243366,0.009289546767457746
B,lq_emp_99,extracted_min,thin,386,0.3668683519197651,0.0009229631024021412
B,lq_emp_99,extracted_min,mid,261,0.498527293312343,0.0026029382173640148
B,lq_emp_99,extracted_min,rich,344,0.5725335177243366,0.006515127677268473
B,lq_emp_99,extracted_mid,thin,386,0.3668683519197651,0.00036771717918460123
B,lq_emp_99,extracted_mid,mid,261,0.498527293312343,0.002887348509094223
B,lq_emp_99,extracted_mid,rich,344,0.5725335177243366,0.0036113605799666937
B,lq_emp_99,extracted_full,thin,386,0.3668683519197651,0.00021783023553856307
B,lq_emp_99,extracted_full,mid,261,0.498527293312343,0.000589504809081487
B,lq_emp_99,extracted_full,rich,344,0.5725335177243366,0.0008521104438338201
B,lq_emp_99,pca50,thin,386,0.3668683519197651,0.005839705438775322
B,lq_emp_99,pca50,mid,261,0.498527293312343,-0.0027663164030786724
B,lq_emp_99,pca50,rich,344,0.5725335177243366,0.004667396530344425
B,lq_emp_99,full,thin,386,0.3668683519197651,0.00805783642238922
B,lq_emp_99,full,mid,261,0.498527293312343,-0.0009727131741728012
B,lq_emp_99,full,rich,344,0.5725335177243366,0.006918567633423689
C,unemployment_velocity,length,stub,294,0.5625101903669132,-0.0003928382677573783
C,unemployment_velocity,length,thin,1281,0.57436382643027,-3.0505161218274957e-05
C,unemployment_velocity,length,mid,784,0.5327787601934477,-5.3972213607256236e-05
C,unemployment_velocity,length,rich,784,0.4933061459203345,-0.0008838715805729036
C,unemployment_velocity,extracted_min,stub,294,0.5625101903669132,-0.0009625698217485823
C,unemployment_velocity,extracted_min,thin,1281,0.57436382643027,-0.000377707339021649
C,unemployment_velocity,extracted_min,mid,784,0.5327787601934477,-0.00038091804014217523
C,unemployment_velocity,extracted_min,rich,784,0.4933061459203345,-0.0009401684185225134
C,unemployment_velocity,extracted_mid,stub,294,0.5625101903669132,-0.0003321904295860989
C,unemployment_velocity,extracted_mid,thin,1281,0.57436382643027,-0.00012457323724435199
C,unemployment_velocity,extracted_mid,mid,784,0.5327787601934477,-7.141541939958973e-05
C,unemployment_velocity,extracted_mid,rich,784,0.4933061459203345,-0.00013573911195252641
C,unemployment_velocity,extracted_full,stub,294,0.5625101903669132,-0.0002611845995703632
C,unemployment_velocity,extracted_full,thin,1281,0.57436382643027,-0.0002765709980804276
C,unemployment_velocity,extracted_full,mid,784,0.5327787601934477,0.00022734566312831994
C,unemployment_velocity,extracted_full,rich,784,0.4933061459203345,0.00043320783507139193
C,unemployment_velocity,pca50,stub,294,0.5625101903669132,0.0017733107472912568
C,unemployment_velocity,pca50,thin,1281,0.57436382643027,-0.0013688038550148107
C,unemployment_velocity,pca50,mid,784,0.5327787601934477,0.0012829103324850655
C,unemployment_velocity,pca50,rich,784,0.4933061459203345,0.0010764461600595299
C,unemployment_velocity,full,stub,294,0.5625101903669132,0.002154982002424255
C,unemployment_velocity,full,thin,1281,0.57436382643027,-0.0009107753874160185
C,unemployment_velocity,full,mid,784,0.5327787601934477,0.0015794082627246242
C,unemployment_velocity,full,rich,784,0.4933061459203345,0.0019338253143826867
C,unemployment_rate_latest,length,stub,294,0.5409809975771006,0.0011888640724805333
C,unemployment_rate_latest,length,thin,1281,0.5474489647130335,-0.00022282943148344003
C,unemployment_rate_latest,length,mid,784,0.4514798351041863,-8.864671462538443e-05
C,unemployment_rate_latest,length,rich,784,0.47018556056763416,0.0030755437685259235
C,unemployment_rate_latest,extracted_min,stub,294,0.5409809975771006,0.00025412455559947755
C,unemployment_rate_latest,extracted_min,thin,1281,0.5474489647130335,0.002494666527883327
C,unemployment_rate_latest,extracted_min,mid,784,0.4514798351041863,0.0031701869097678914
C,unemployment_rate_latest,extracted_min,rich,784,0.47018556056763416,0.00895035742453798
C,unemployment_rate_latest,extracted_mid,stub,294,0.5409809975771006,0.0007262091532383996
C,unemployment_rate_latest,extracted_mid,thin,1281,0.5474489647130335,0.002405355440771584
C,unemployment_rate_latest,extracted_mid,mid,784,0.4514798351041863,0.006153830162055618
C,unemployment_rate_latest,extracted_mid,rich,784,0.47018556056763416,0.01159732276298453
C,unemployment_rate_latest,extracted_full,stub,294,0.5409809975771006,0.0016789697864227904
C,unemployment_rate_latest,extracted_full,thin,1281,0.5474489647130335,0.002476934949584453
C,unemployment_rate_latest,extracted_full,mid,784,0.4514798351041863,0.0026518976498974833
C,unemployment_rate_latest,extracted_full,rich,784,0.47018556056763416,0.007149587025178317
C,unemployment_rate_latest,pca50,stub,294,0.5409809975771006,0.004315662174937285
C,unemployment_rate_latest,pca50,thin,1281,0.5474489647130335,0.0011909714120424963
C,unemployment_rate_latest,pca50,mid,784,0.4514798351041863,0.002761664473251324
C,unemployment_rate_latest,pca50,rich,784,0.47018556056763416,0.005967017065887648
C,unemployment_rate_latest,full,stub,294,0.5409809975771006,0.004587570947757635
C,unemployment_rate_latest,full,thin,1281,0.5474489647130335,0.0024782634170892326
C,unemployment_rate_latest,full,mid,784,0.4514798351041863,0.00315989142419959
C,unemployment_rate_latest,full,rich,784,0.47018556056763416,0.008137591040017766
C,gdp_velocity_pct,length,stub,293,0.07533231324694567,-0.0023733148460384212
C,gdp_velocity_pct,length,thin,1267,0.15667247366201742,0.000932856170639984
C,gdp_velocity_pct,length,mid,768,0.15586535626850861,-0.00028119946912608107
C,gdp_velocity_pct,length,rich,752,0.025688280319689616,0.00626272508910608
C,gdp_velocity_pct,extracted_min,stub,293,0.07533231324694567,-0.0004465587920988723
C,gdp_velocity_pct,extracted_min,thin,1267,0.15667247366201742,0.0004689234380085283
C,gdp_velocity_pct,extracted_min,mid,768,0.15586535626850861,0.0008455916674593444
C,gdp_velocity_pct,extracted_min,rich,752,0.025688280319689616,0.001829364443368564
C,gdp_velocity_pct,extracted_mid,stub,293,0.07533231324694567,5.240351946533828e-05
C,gdp_velocity_pct,extracted_mid,thin,1267,0.15667247366201742,-4.6729932149380815e-05
C,gdp_velocity_pct,extracted_mid,mid,768,0.15586535626850861,-8.285556066711663e-05
C,gdp_velocity_pct,extracted_mid,rich,752,0.025688280319689616,0.0003758135482168079
C,gdp_velocity_pct,extracted_full,stub,293,0.07533231324694567,-0.0001014792333604575
C,gdp_velocity_pct,extracted_full,thin,1267,0.15667247366201742,-0.0003323573422894244
C,gdp_velocity_pct,extracted_full,mid,768,0.15586535626850861,-0.00011777771230281342
C,gdp_velocity_pct,extracted_full,rich,752,0.025688280319689616,0.004461637106158545
C,gdp_velocity_pct,pca50,stub,293,0.07533231324694567,-0.001627572179228154
C,gdp_velocity_pct,pca50,thin,1267,0.15667247366201742,-0.0022269588319964173
C,gdp_velocity_pct,pca50,mid,768,0.15586535626850861,-0.0026610854575822573
C,gdp_velocity_pct,pca50,rich,752,0.025688280319689616,0.0013618892439015706
C,gdp_velocity_pct,full,stub,293,0.07533231324694567,-0.0007435450480555161
C,gdp_velocity_pct,full,thin,1267,0.15667247366201742,0.00011826538724379887
C,gdp_velocity_pct,full,mid,768,0.15586535626850861,-0.00038347893632328933
C,gdp_velocity_pct,full,rich,752,0.025688280319689616,0.005501339455571519
D,log_total_tons,length,stub,294,0.84613537249811,5.891723989925879e-05
D,log_total_tons,length,thin,1281,0.8520426481905351,1.6411049233777675e-05
D,log_total_tons,length,mid,784,0.8731293925933103,2.7324480481594193e-06
D,log_total_tons,length,rich,785,0.9028998150974463,0.0011473873978362636
D,log_total_tons,extracted_min,stub,294,0.84613537249811,8.733665399929258e-05
D,log_total_tons,extracted_min,thin,1281,0.8520426481905351,0.00018129385870990777
D,log_total_tons,extracted_min,mid,784,0.8731293925933103,-9.176287017165219e-05
D,log_total_tons,extracted_min,rich,785,0.9028998150974463,-0.00011605426560556964
D,log_total_tons,extracted_mid,stub,294,0.84613537249811,0.0002339617068882749
D,log_total_tons,extracted_mid,thin,1281,0.8520426481905351,7.070304920653303e-05
D,log_total_tons,extracted_mid,mid,784,0.8731293925933103,0.00014405738921119404
D,log_total_tons,extracted_mid,rich,785,0.9028998150974463,0.00020325980714852587
D,log_total_tons,extracted_full,stub,294,0.84613537249811,0.0002101274730780256
D,log_total_tons,extracted_full,thin,1281,0.8520426481905351,0.00042703251046150026
D,log_total_tons,extracted_full,mid,784,0.8731293925933103,-0.0009489486884348697
D,log_total_tons,extracted_full,rich,785,0.9028998150974463,0.0011978446565621415
D,log_total_tons,pca50,stub,294,0.84613537249811,-0.0003778546777074565
D,log_total_tons,pca50,thin,1281,0.8520426481905351,-9.430887963934875e-05
D,log_total_tons,pca50,mid,784,0.8731293925933103,0.00024026009387656533
D,log_total_tons,pca50,rich,785,0.9028998150974463,0.0003081000258476907
D,log_total_tons,full,stub,294,0.84613537249811,0.0006534266786254461
D,log_total_tons,full,thin,1281,0.8520426481905351,0.0005099917580373425
D,log_total_tons,full,mid,784,0.8731293925933103,0.0007966333773765655
D,log_total_tons,full,rich,785,0.9028998150974463,0.0007449855114447512
D,out_partner_hhi,length,stub,294,0.447100224966393,0.007263826103759308
D,out_partner_hhi,length,thin,1281,0.2951684590419732,0.0010625717365498888
D,out_partner_hhi,length,mid,784,0.2925372097194109,0.00042398646294428133
D,out_partner_hhi,length,rich,785,0.3919277826956109,0.0028662152815652764
D,out_partner_hhi,extracted_min,stub,294,0.447100224966393,0.003481432296227105
D,out_partner_hhi,extracted_min,thin,1281,0.2951684590419732,0.0014398603214355044
D,out_partner_hhi,extracted_min,mid,784,0.2925372097194109,0.0006588599544701257
D,out_partner_hhi,extracted_min,rich,785,0.3919277826956109,0.002500171628180725
D,out_partner_hhi,extracted_mid,stub,294,0.447100224966393,0.003436310220397809
D,out_partner_hhi,extracted_mid,thin,1281,0.2951684590419732,-8.807124723464455e-05
D,out_partner_hhi,extracted_mid,mid,784,0.2925372097194109,0.0005597369590357726
D,out_partner_hhi,extracted_mid,rich,785,0.3919277826956109,0.011455723851361621
D,out_partner_hhi,extracted_full,stub,294,0.447100224966393,0.004124987644037792
D,out_partner_hhi,extracted_full,thin,1281,0.2951684590419732,0.0014610370265273342
D,out_partner_hhi,extracted_full,mid,784,0.2925372097194109,0.001541614714645978
D,out_partner_hhi,extracted_full,rich,785,0.3919277826956109,0.006189253487032809
D,out_partner_hhi,pca50,stub,294,0.447100224966393,0.0013670746003653367
D,out_partner_hhi,pca50,thin,1281,0.2951684590419732,0.0005305436695249854
D,out_partner_hhi,pca50,mid,784,0.2925372097194109,0.0003820123997454461
D,out_partner_hhi,pca50,rich,785,0.3919277826956109,0.0005469403689664087
D,out_partner_hhi,full,stub,294,0.447100224966393,0.002174704212417611
D,out_partner_hhi,full,thin,1281,0.2951684590419732,0.0030093493867940913
D,out_partner_hhi,full,mid,784,0.2925372097194109,0.0012559805009402236
D,out_partner_hhi,full,rich,785,0.3919277826956109,0.003499107957531722
D,in_partner_hhi,length,stub,294,0.5267992777260012,0.00040552108765490313
D,in_partner_hhi,length,thin,1281,0.28579897918516584,0.00015174979308141268
D,in_partner_hhi,length,mid,784,0.2868998331882793,2.149204956347628e-05
D,in_partner_hhi,length,rich,785,0.36190772840773966,-0.0002725785119882529
D,in_partner_hhi,extracted_min,stub,294,0.5267992777260012,1.4236936084377483e-05
D,in_partner_hhi,extracted_min,thin,1281,0.28579897918516584,1.2661705571459514e-05
D,in_partner_hhi,extracted_min,mid,784,0.2868998331882793,-6.043168426783652e-07
D,in_partner_hhi,extracted_min,rich,785,0.36190772840773966,2.9700950219258004e-05
D,in_partner_hhi,extracted_mid,stub,294,0.5267992777260012,0.0003025434357329937
D,in_partner_hhi,extracted_mid,thin,1281,0.28579897918516584,6.925719404016206e-05
D,in_partner_hhi,extracted_mid,mid,784,0.2868998331882793,4.6308858359100924e-07
D,in_partner_hhi,extracted_mid,rich,785,0.36190772840773966,0.0002264243293675916
D,in_partner_hhi,extracted_full,stub,294,0.5267992777260012,8.660953136063743e-05
D,in_partner_hhi,extracted_full,thin,1281,0.28579897918516584,8.114761696309536e-05
D,in_partner_hhi,extracted_full,mid,784,0.2868998331882793,2.3019029327331353e-05
D,in_partner_hhi,extracted_full,rich,785,0.36190772840773966,-1.8737414604008684e-05
D,in_partner_hhi,pca50,stub,294,0.5267992777260012,0.0002030340727686708
D,in_partner_hhi,pca50,thin,1281,0.28579897918516584,0.0003633231328846742
D,in_partner_hhi,pca50,mid,784,0.2868998331882793,0.00035856472818407426
D,in_partner_hhi,pca50,rich,785,0.36190772840773966,0.0004230018807759306
D,in_partner_hhi,full,stub,294,0.5267992777260012,0.0005473262022649417
D,in_partner_hhi,full,thin,1281,0.28579897918516584,0.0006157153857511144
D,in_partner_hhi,full,mid,784,0.2868998331882793,0.0006709420843794556
D,in_partner_hhi,full,rich,785,0.36190772840773966,0.0006836104922217645
E,capital_to_wage_ratio,length,stub,294,0.36000046108881545,-0.0015951684198046712
E,capital_to_wage_ratio,length,thin,1281,0.4348476280339788,0.001189853541589736
E,capital_to_wage_ratio,length,mid,784,0.19729201919514017,-9.641882603284024e-05
E,capital_to_wage_ratio,length,rich,784,0.4640242263440387,0.0022549406106694425
E,capital_to_wage_ratio,extracted_min,stub,294,0.36000046108881545,-0.0008168517958321297
E,capital_to_wage_ratio,extracted_min,thin,1281,0.4348476280339788,0.00322364712038814
E,capital_to_wage_ratio,extracted_min,mid,784,0.19729201919514017,0.003216394457202121
E,capital_to_wage_ratio,extracted_min,rich,784,0.4640242263440387,0.004932159704650441
E,capital_to_wage_ratio,extracted_mid,stub,294,0.36000046108881545,-0.002161821702710176
E,capital_to_wage_ratio,extracted_mid,thin,1281,0.4348476280339788,0.002728379737942932
E,capital_to_wage_ratio,extracted_mid,mid,784,0.19729201919514017,0.0029317270194268996
E,capital_to_wage_ratio,extracted_mid,rich,784,0.4640242263440387,0.003383891830893604
E,capital_to_wage_ratio,extracted_full,stub,294,0.36000046108881545,0.0009236076847245478
E,capital_to_wage_ratio,extracted_full,thin,1281,0.4348476280339788,0.0021844350641176957
E,capital_to_wage_ratio,extracted_full,mid,784,0.19729201919514017,0.007399211332097755
E,capital_to_wage_ratio,extracted_full,rich,784,0.4640242263440387,0.008381750722452397
E,capital_to_wage_ratio,pca50,stub,294,0.36000046108881545,-0.0024922820989229377
E,capital_to_wage_ratio,pca50,thin,1281,0.4348476280339788,0.0012950686841430858
E,capital_to_wage_ratio,pca50,mid,784,0.19729201919514017,0.0007548901995894086
E,capital_to_wage_ratio,pca50,rich,784,0.4640242263440387,-4.4080760756459725e-05
E,capital_to_wage_ratio,full,stub,294,0.36000046108881545,-0.00023431967561571287
E,capital_to_wage_ratio,full,thin,1281,0.4348476280339788,0.003889682334807465
E,capital_to_wage_ratio,full,mid,784,0.19729201919514017,0.0024976524352151586
E,capital_to_wage_ratio,full,rich,784,0.4640242263440387,0.0020428613226900483
F,distress_count,length,stub,294,0.23422683411348766,-0.011941436464183997
F,distress_count,length,thin,1281,0.19586216349341068,0.0029948726447937
F,distress_count,length,mid,784,0.14675987524935352,0.0010465612835748317
F,distress_count,length,rich,785,0.21124839618764113,0.027906507919718715
F,distress_count,extracted_min,stub,294,0.23422683411348766,0.005506605441791046
F,distress_count,extracted_min,thin,1281,0.19586216349341068,0.016398606879555966
F,distress_count,extracted_min,mid,784,0.14675987524935352,0.009944149980034234
F,distress_count,extracted_min,rich,785,0.21124839618764113,0.039070600734476546
F,distress_count,extracted_mid,stub,294,0.23422683411348766,0.004492837782431924
F,distress_count,extracted_mid,thin,1281,0.19586216349341068,0.018777484325295357
F,distress_count,extracted_mid,mid,784,0.14675987524935352,0.009284861337609307
F,distress_count,extracted_mid,rich,785,0.21124839618764113,0.03068484730007015
F,distress_count,extracted_full,stub,294,0.23422683411348766,0.002905874135154085
F,distress_count,extracted_full,thin,1281,0.19586216349341068,0.01785868310626315
F,distress_count,extracted_full,mid,784,0.14675987524935352,0.009495466205701963
F,distress_count,extracted_full,rich,785,0.21124839618764113,0.04152012225330959
F,distress_count,pca50,stub,294,0.23422683411348766,0.004846178590981132
F,distress_count,pca50,thin,1281,0.19586216349341068,0.005192735423873995
F,distress_count,pca50,mid,784,0.14675987524935352,-0.0023011177118951176
F,distress_count,pca50,rich,785,0.21124839618764113,0.02598196905990191
F,distress_count,full,stub,294,0.23422683411348766,-0.0009609752224732926
F,distress_count,full,thin,1281,0.19586216349341068,0.008838873763873045
F,distress_count,full,mid,784,0.14675987524935352,0.0033771406473818155
F,distress_count,full,rich,785,0.21124839618764113,0.027585965286985092
